dataset,seed,quartile,delta_mae,pt_rate,neutral_rate,nt_rate,n
instant,7,Q2,0.002181277192872141,0.49137931034482757,0.011853448275862068,0.49676724137931033,928
instant,7,Q1,0.0017224271792769968,0.26480086114101187,0.4628632938643703,0.2723358449946179,929
instant,7,Q3,0.002972248684743338,0.47413793103448276,0.016163793103448277,0.509698275862069,928
instant,7,Q4,0.07369387393881535,0.43211206896551724,0.015086206896551725,0.552801724137931,928
instant,11,Q3,0.0035988148944131287,0.47413793103448276,0.015086206896551725,0.5107758620689655,928
instant,11,Q2,0.006650976579764786,0.47413793103448276,0.00646551724137931,0.5193965517241379,928
instant,11,Q4,0.05847039330622244,0.4418103448275862,0.017241379310344827,0.540948275862069,928
instant,11,Q1,-3.725399370471131e-05,0.232508073196986,0.5382131324004306,0.22927879440258342,929
instant,17,Q3,-0.013795955941594877,0.5053879310344828,0.01939655172413793,0.47521551724137934,928
instant,17,Q1,0.0008747000227190218,0.25080731969860065,0.48869752421959095,0.2604951560818084,929
instant,17,Q4,-0.010336088337774921,0.4989224137931034,0.01939655172413793,0.4816810344827586,928
instant,17,Q2,-0.0014775413377531512,0.5086206896551724,0.003232758620689655,0.48814655172413796,928
instant,29,Q2,0.0037268939717062547,0.4870689655172414,0.00646551724137931,0.5064655172413793,928
instant,29,Q3,0.004668058377915413,0.47413793103448276,0.015086206896551725,0.5107758620689655,928
instant,29,Q1,7.875255670948178e-05,0.2432723358449946,0.5016146393972013,0.25511302475780406,929
instant,29,Q4,-0.020047707033568417,0.5032327586206896,0.021551724137931036,0.47521551724137934,928
instant,42,Q1,0.0021313179937964342,0.263724434876211,0.45317545748116256,0.2831001076426265,929
instant,42,Q3,0.013584218919277195,0.45905172413793105,0.008620689655172414,0.5323275862068966,928
instant,42,Q2,0.014311427443191919,0.4515086206896552,0.007543103448275862,0.540948275862069,928
instant,42,Q4,0.029510982077697222,0.46551724137931033,0.021551724137931036,0.5129310344827587,928
instant,53,Q2,0.024155691522976454,0.42564655172413796,0.008620689655172414,0.5657327586206896,928
instant,53,Q1,0.008413900215222833,0.22820236813778255,0.43918191603875134,0.3326157158234661,929
instant,53,Q3,0.05126784793261822,0.39978448275862066,0.01293103448275862,0.5872844827586207,928
instant,53,Q4,0.07148662993106349,0.4105603448275862,0.032327586206896554,0.5571120689655172,928
instant,71,Q1,-0.0013088085422987984,0.24757804090419805,0.5177610333692142,0.23466092572658773,929
instant,71,Q4,0.04355823081629029,0.45689655172413796,0.014008620689655173,0.5290948275862069,928
instant,71,Q2,0.011783893252241197,0.4558189655172414,0.008620689655172414,0.5355603448275862,928
instant,71,Q3,0.02526456387392406,0.44612068965517243,0.008620689655172414,0.5452586206896551,928
instant,123,Q1,-0.0021908484696058854,0.2917115177610334,0.44241119483315394,0.2658772874058127,929
instant,123,Q2,-0.015279455174659846,0.5387931034482759,0.0010775862068965517,0.46012931034482757,928
instant,123,Q4,0.007897299039980448,0.47413793103448276,0.018318965517241378,0.5075431034482759,928
instant,123,Q3,-0.011586162165321164,0.4989224137931034,0.014008620689655173,0.4870689655172414,928
instant,2023,Q1,-0.0009493424894991852,0.2572658772874058,0.48116254036598494,0.26157158234660927,929
instant,2023,Q2,0.00038427140178349796,0.4859913793103448,0.014008620689655173,0.5,928
instant,2023,Q3,0.022133526488624763,0.44504310344827586,0.020474137931034482,0.5344827586206896,928
instant,2023,Q4,0.04075379207216459,0.44396551724137934,0.01293103448275862,0.5431034482758621,928
instant,3407,Q2,0.025960186689064427,0.4224137931034483,0.009698275862068966,0.5678879310344828,928
instant,3407,Q1,0.00413470530022333,0.2658772874058127,0.4327233584499462,0.3013993541442411,929
instant,3407,Q4,0.05757772293070267,0.4331896551724138,0.036637931034482756,0.5301724137931034,928
instant,3407,Q3,0.042041823396394985,0.3922413793103448,0.03771551724137931,0.5700431034482759,928
office,7,Q4,0.07514396401655397,0.40721262208865516,0.011269722013523666,0.5815176558978212,1331
office,7,Q2,0.017849905163072072,0.42674680691209615,0.0067618332081141996,0.5664913598797896,1331
office,7,Q3,0.05191646034556225,0.3804511278195489,0.010526315789473684,0.6090225563909775,1330
office,7,Q1,0.0022211298738360583,0.15702479338842976,0.6581517655897822,0.18482344102178813,1331
office,11,Q4,0.06729326670909627,0.41397445529676935,0.014274981217129978,0.5717505634861006,1331
office,11,Q3,0.04409688182343217,0.40225563909774437,0.006015037593984963,0.5917293233082707,1330
office,11,Q1,0.0016998175299319902,0.1517655897821187,0.6874530428249437,0.16078136739293764,1331
office,11,Q2,0.02270476859284021,0.4049586776859504,0.004507888805409466,0.5905334335086401,1331
office,17,Q4,0.08172551175869111,0.3981968444778362,0.012772351615326822,0.5890308039068369,1331
office,17,Q3,0.06820186027010583,0.3593984962406015,0.006015037593984963,0.6345864661654136,1330
office,17,Q1,0.0032259592160884766,0.18707738542449287,0.5957926371149511,0.21712997746055598,1331
office,17,Q2,0.027145569347779973,0.4019534184823441,0.004507888805409466,0.5935386927122465,1331
office,29,Q1,0.0002602977380100543,0.1217129977460556,0.754320060105184,0.12396694214876033,1331
office,29,Q2,0.01179733838827245,0.44402704733283244,0.0067618332081141996,0.5492111194590533,1331
office,29,Q3,0.041066886070079384,0.39473684210526316,0.005263157894736842,0.6,1330
office,29,Q4,0.06082545161515945,0.4147257700976709,0.009767092411720512,0.5755071374906086,1331
office,42,Q2,0.008755542746528844,0.4628099173553719,0.007513148009015778,0.5296769346356123,1331
office,42,Q1,0.0005516884113773103,0.12922614575507138,0.7257700976709242,0.1450037565740045,1331
office,42,Q4,0.05585299408767208,0.4365138993238167,0.015026296018031555,0.5484598046581518,1331
office,42,Q3,0.004022087011122167,0.48872180451127817,0.005263157894736842,0.5060150375939849,1330
office,53,Q4,0.04709379893330862,0.45154019534184825,0.015777610818933134,0.5326821938392187,1331
office,53,Q1,0.001454720185449655,0.1562734785875282,0.6806912096168295,0.16303531179564237,1331
office,53,Q3,0.029961944343452156,0.42857142857142855,0.005263157894736842,0.5661654135338345,1330
office,53,Q2,0.0076701587344541605,0.45755071374906087,0.007513148009015778,0.5349361382419233,1331
office,71,Q4,0.06146434462222723,0.43125469571750563,0.013523666416228399,0.555221637866266,1331
office,71,Q1,0.0013131543624499652,0.1615326821938392,0.6724267468069121,0.16604057099924868,1331
office,71,Q3,0.014560501019757496,0.4639097744360902,0.015037593984962405,0.5210526315789473,1330
office,71,Q2,0.00021668128909964218,0.49436513899323814,0.0067618332081141996,0.4988730277986476,1331
office,123,Q3,0.029662464615097618,0.42330827067669174,0.007518796992481203,0.5691729323308271,1330
office,123,Q2,0.017923349191334623,0.4154770848985725,0.004507888805409466,0.580015026296018,1331
office,123,Q1,0.0027573260931391956,0.10293012772351616,0.7520661157024794,0.1450037565740045,1331
office,123,Q4,0.06019537543820583,0.4297520661157025,0.018031555221637866,0.5522163786626596,1331
office,2023,Q4,0.043603807889277736,0.4462809917355372,0.015777610818933134,0.5379413974455297,1331
office,2023,Q1,0.0025170012401692548,0.1562734785875282,0.667167543200601,0.17655897821187078,1331
office,2023,Q2,0.006411307382906045,0.47032306536438767,0.004507888805409466,0.5251690458302029,1331
office,2023,Q3,0.017062485128417047,0.46015037593984964,0.0037593984962406013,0.5360902255639097,1330
office,3407,Q3,0.043956183670158674,0.4,0.009774436090225564,0.5902255639097744,1330
office,3407,Q1,0.001969495632879531,0.17655897821187078,0.6243425995492111,0.1990984222389181,1331
office,3407,Q4,0.06591384353537384,0.4019534184823441,0.0202854996243426,0.5777610818933133,1331
office,3407,Q2,0.014688003340849388,0.44102178812922616,0.008264462809917356,0.5507137490608565,1331
digital,7,Q1,0.001418300258509155,0.20086526576019778,0.5784919653893696,0.22064276885043263,1618
digital,7,Q4,-0.03939959403168876,0.5018541409147095,0.030902348578491966,0.4672435105067985,1618
digital,7,Q3,0.00838665042162384,0.46072974644403214,0.021026592455163882,0.518243661100804,1617
digital,7,Q2,0.007329687126192677,0.4721878862793572,0.003708281829419036,0.5241038318912238,1618
digital,11,Q3,0.0322789935764886,0.4137291280148423,0.02040816326530612,0.5658627087198516,1617
digital,11,Q1,0.001992727976352224,0.17799752781211373,0.6242274412855378,0.19777503090234858,1618
digital,11,Q4,-0.008180653724741145,0.47342398022249693,0.022249690976514216,0.5043263288009888,1618
digital,11,Q2,0.014488059893821454,0.44128553770086526,0.006798516687268232,0.5519159456118665,1618
digital,17,Q2,0.008445639766485644,0.45920889987639063,0.015451174289245983,0.5253399258343634,1618
digital,17,Q3,0.025950931367420008,0.42424242424242425,0.032158317872603585,0.5435992578849722,1617
digital,17,Q4,-0.006424810078883794,0.4758961681087763,0.034610630407911,0.4894932014833127,1618
digital,17,Q1,0.002791299881834917,0.21446229913473425,0.5432632880098888,0.242274412855377,1618
digital,29,Q2,0.004569865201400748,0.4796044499381953,0.009270704573547589,0.5111248454882571,1618
digital,29,Q1,0.0022858162450849376,0.173053152039555,0.6260815822002472,0.20086526576019778,1618
digital,29,Q3,0.007581355399236173,0.4557823129251701,0.027210884353741496,0.5170068027210885,1617
digital,29,Q4,-0.047731302061540685,0.5142150803461063,0.022249690976514216,0.4635352286773795,1618
digital,42,Q2,0.008339964783530591,0.46291718170580964,0.009888751545117428,0.5271940667490729,1618
digital,42,Q3,0.008912628347223445,0.46072974644403214,0.014842300556586271,0.5244279529993816,1617
digital,42,Q4,-0.032369536360350476,0.5049443757725587,0.0203955500618047,0.4746600741656366,1618
digital,42,Q1,0.00281541987019505,0.1668726823238566,0.634734239802225,0.1983930778739184,1618
digital,53,Q1,0.0006457810348869137,0.17985166872682323,0.6378244746600742,0.1823238566131026,1618
digital,53,Q2,0.014061668010518351,0.4394313967861557,0.009888751545117428,0.5506798516687268,1618
digital,53,Q3,0.02016077413187398,0.44712430426716143,0.0074211502782931356,0.5454545454545454,1617
digital,53,Q4,-0.0159223996222535,0.4857849196538937,0.022249690976514216,0.4919653893695921,1618
digital,71,Q3,-0.007480466594353982,0.4965986394557823,0.02411873840445269,0.479282622139765,1617
digital,71,Q2,0.0020131154909122204,0.48763906056860323,0.009270704573547589,0.5030902348578492,1618
digital,71,Q4,-0.05975816482666544,0.5253399258343634,0.018541409147095178,0.4561186650185414,1618
digital,71,Q1,-0.0006872278503493445,0.207663782447466,0.5828182941903585,0.20951792336217553,1618
digital,123,Q1,-0.0004316605213103929,0.20951792336217553,0.580964153275649,0.20951792336217553,1618
digital,123,Q3,0.0027181124642961163,0.46629560915275203,0.030303030303030304,0.5034013605442177,1617
digital,123,Q2,0.0029414881145114215,0.4820766378244747,0.012978986402966625,0.5049443757725587,1618
digital,123,Q4,-0.031931352998476534,0.5098887515451175,0.022249690976514216,0.46786155747836833,1618
digital,2023,Q2,0.01581584058969071,0.43510506798516685,0.006798516687268232,0.5580964153275649,1618
digital,2023,Q3,0.037593127255389616,0.3945578231292517,0.02906617192331478,0.5763760049474336,1617
digital,2023,Q1,0.003644562548553688,0.1983930778739184,0.5784919653893696,0.223114956736712,1618
digital,2023,Q4,-0.015284148960089965,0.48084054388133496,0.030902348578491966,0.48825710754017304,1618
digital,3407,Q2,0.01502518239805223,0.4369592088998764,0.013597033374536464,0.5494437577255872,1618
digital,3407,Q1,0.001837107395506913,0.18355995055624227,0.6118665018541409,0.20457354758961682,1618
digital,3407,Q3,0.0077839123295941415,0.4613481756338899,0.019789734075448363,0.5188620902906618,1617
digital,3407,Q4,-0.01903317045369754,0.5012360939431397,0.014833127317676144,0.48393077873918416,1618
